<?xml version="1.0"?>
<!DOCTYPE package-info SYSTEM "http://www.simplemachines.org/xml/package-info">
<package-info xmlns="http://www.simplemachines.org/xml/package-info" xmlns:smf="http://www.simplemachines.org/">
	<id>Iskra:Delegator</id>
	<name>Delegator</name>
	<version>0.1</version>
	<type>modification</type>

	<install for="2.0 RC3, 2.0 - 2.0.99">
		<readme parsebbc="true" type="file">readme.txt</readme>
		<modification>modification.xml</modification>
		<require-file name="Delegator.php" destination="$sourcedir" />
		<require-file name="delegator_helpers.php" destination="$sourcedir" />
		<require-file name="Delegator.template.php" destination="$themedir" />
		<require-file name="delegator.js" destination="$themedir/scripts" />
		<require-file name="moment.min.js" destination="$themedir/scripts" />
		<require-file name="pikaday.js" destination="$themedir/scripts" />
		<require-file name="pikaday.jquery.js" destination="$themedir/scripts" />
		<require-file name="pikaday.css" destination="$themedir/css" />
		<database>database.php</database>
		<redirect url="$scripturl?action=delegator" timeout="3000">redirect.txt</redirect>
	</install>

	<uninstall for="2.0 RC3, 2.0 - 2.0.99">
		<readme type="inline">This will uninstall the Delegator</readme>
		<modification reverse="true">modification.xml</modification>
		<remove-file name="$sourcedir/Delegator.php" />
		<remove-file name="$sourcedir/delegator_helpers.php" />
		<remove-file name="$themedir/Delegator.template.php" />
		<remove-file name="$themedir/scripts/delegator.js" />
		<remove-file name="$themedir/scripts/moment.min.js" />
		<remove-file name="$themedir/scripts/pikaday.js" />
		<remove-file name="$themedir/scripts/pikaday.jquery.js" />
		<remove-file name="$themedir/scripts/pikaday.css" />
	</uninstall>
</package-info>
